{
    "consult_id": "jg4f2s9dcqnml76",
    "user_id": "4f26e52a-688d-4502-9a8a-da8cbae96431",
    "consult_time": "2026-02-23",
    "consult_data": {
        "shape": {
            "scores": [
                5,
                0,
                0
            ],
            "question_counts": [
                5,
                0,
                0
            ],
            "answer_times": [
                1.1335647410001002,
                1.4058042139999998,
                1.381288829999903,
                1.1565670669997417,
                1.309383200999946
            ]
        },
        "spiral": {
            "classification": 1,
            "value": 2.3630697455008045
        },
        "memory": {
            "score": 7,
            "total_trials": 8,
            "accuracy": 87.5,
            "incorrect": [
                0
            ]
        },
        "trail": {
            "completion_time": 12.02,
            "path_efficiency": 87.84,
            "path_smoothness": 82.29,
            "total_distance": 4305.16,
            "optimal_distance": 3781.49,
            "pause_count": 0,
            "total_pause_time": 0,
            "average_speed": 200.55,
            "speed_variability": 312.9,
            "errors": 0,
            "test_type": "A",
            "difficulty": "medium"
        }
    }
}