{
    "consult_id": "sp0wyb4cm6ekv91",
    "user_id": "4f26e52a-688d-4502-9a8a-da8cbae96431",
    "consult_time": "2026-02-23",
    "consult_data": {
        "shape": {
            "scores": [
                5,
                0,
                0
            ],
            "question_counts": [
                5,
                0,
                0
            ],
            "answer_times": [
                1.6014462089997323,
                1.325405459000649,
                0.9572513290004281,
                1.054937240000072,
                1.109621557000537
            ]
        },
        "spiral": {
            "classification": 1,
            "value": 2.083037342493716
        },
        "memory": {
            "score": 7,
            "total_trials": 8,
            "accuracy": 87.5,
            "incorrect": [
                5
            ]
        },
        "trail": {
            "completion_time": 7.27,
            "path_efficiency": 94.61,
            "path_smoothness": 66.63,
            "total_distance": 4659.41,
            "optimal_distance": 4408.45,
            "pause_count": 0,
            "total_pause_time": 0,
            "average_speed": 339.53,
            "speed_variability": 550.45,
            "errors": 0,
            "test_type": "A",
            "difficulty": "medium"
        }
    }
}