{
    "consult_id": "z2xm1tev7l0h9an",
    "user_id": "4f26e52a-688d-4502-9a8a-da8cbae96431",
    "consult_time": "2026-02-23",
    "consult_data": {
        "shape": {
            "scores": [
                5,
                0,
                0
            ],
            "question_counts": [
                5,
                0,
                0
            ],
            "answer_times": [
                1.9197991189998902,
                1.4213624029998755,
                1.701899259000129,
                2.6931661160001568,
                1.5409362499999588
            ]
        },
        "spiral": {
            "classification": 0,
            "value": 0.2965598701159404
        },
        "memory": {
            "score": 8,
            "total_trials": 8,
            "accuracy": 100.0,
            "incorrect": []
        },
        "trail": {
            "completion_time": 4.96,
            "path_efficiency": 100.0,
            "path_smoothness": 100.0,
            "total_distance": 3345.34,
            "optimal_distance": 3351.1,
            "pause_count": 0,
            "total_pause_time": 0,
            "average_speed": 755.77,
            "speed_variability": 388.64,
            "errors": 0,
            "test_type": "A",
            "difficulty": "medium"
        }
    }
}