{
    "consult_id": "vr5hob67jiak10t",
    "user_id": "4f26e52a-688d-4502-9a8a-da8cbae96431",
    "consult_time": "2026-02-23",
    "consult_data": {
        "shape": {
            "scores": [
                4,
                0,
                0
            ],
            "question_counts": [
                5,
                0,
                0
            ],
            "answer_times": [
                2.123411536999811,
                1.2375255790002484,
                0.9894941689999541,
                0.9258515689998603,
                0.9493537339994873
            ]
        },
        "spiral": {
            "classification": 1,
            "value": 3.2499096171777184
        },
        "memory": {
            "score": 8,
            "total_trials": 8,
            "accuracy": 100.0,
            "incorrect": []
        },
        "trail": {
            "completion_time": 4.52,
            "path_efficiency": 96.77,
            "path_smoothness": 75.19,
            "total_distance": 2545.58,
            "optimal_distance": 2463.43,
            "pause_count": 0,
            "total_pause_time": 0,
            "average_speed": 294.08,
            "speed_variability": 456.53,
            "errors": 0,
            "test_type": "A",
            "difficulty": "medium"
        }
    }
}