{
    "consult_id": "r053t1vwguf4npe",
    "user_id": "4f26e52a-688d-4502-9a8a-da8cbae96431",
    "consult_time": "2026-02-22",
    "consult_data": {
        "shape": {
            "scores": [
                3,
                2,
                1
            ],
            "question_counts": [
                3,
                2,
                2
            ],
            "answer_times": [
                1.5155910809990019,
                3.904534840999986,
                2.271257907999825,
                1.2241817410013027,
                0.7551825900009135,
                1.2246215049999591,
                0.2913878929994098
            ]
        },
        "spiral": {
            "classification": 1,
            "value": 6.177471715634902
        },
        "memory": {
            "score": 4,
            "total_trials": 8,
            "accuracy": 50.0,
            "incorrect": [
                2,
                4,
                5,
                6
            ]
        },
        "trail": {
            "completion_time": 5.8,
            "path_efficiency": 98.55,
            "path_smoothness": 100.0,
            "total_distance": 2988.79,
            "optimal_distance": 2945.46,
            "pause_count": 0,
            "total_pause_time": 0,
            "average_speed": 507.84,
            "speed_variability": 157.09,
            "errors": 0,
            "test_type": "A",
            "difficulty": "medium"
        }
    }
}