x_pos,y_pos,time
106.0,-331.0,0.0
105.0,-330.0,0.05569389500010402
104.0,-330.0,0.06366769700002806
103.0,-331.0,0.0722148490001473
