{
    "consult_id": "mgf1v5n08ecqu6s",
    "user_id": "3d730c54-3afa-456f-b66d-9875e5dc43d0",
    "consult_time": "2026-02-24",
    "consult_data": {
        "shape": {
            "scores": [
                5,
                0,
                0
            ],
            "question_counts": [
                5,
                0,
                0
            ],
            "answer_times": [
                1.9017811979992985,
                0.8632346860003963,
                1.2715483620004306,
                1.0132988859995748,
                2.2673644460001015
            ]
        },
        "spiral": {
            "classification": 1,
            "value": 1.5110078918043088
        },
        "memory": {
            "score": 8,
            "total_trials": 8,
            "accuracy": 100.0,
            "incorrect": []
        },
        "trail": {
            "completion_time": 5.01,
            "path_efficiency": 92.02,
            "path_smoothness": 61.44,
            "total_distance": 3507.05,
            "optimal_distance": 3227.18,
            "pause_count": 0,
            "total_pause_time": 0,
            "average_speed": 217.89,
            "speed_variability": 565.37,
            "errors": 0,
            "test_type": "A",
            "difficulty": "medium"
        }
    }
}