{
    "consult_id": "mpbwytxue96273j",
    "user_id": "3d730c54-3afa-456f-b66d-9875e5dc43d0",
    "consult_time": "2026-02-24",
    "consult_data": {
        "shape": {
            "scores": [
                5,
                0,
                0
            ],
            "question_counts": [
                5,
                0,
                0
            ],
            "answer_times": [
                2.5220145539997247,
                1.2471424300001672,
                2.193783570999585,
                1.3935175369997523,
                1.0062699360005354
            ]
        },
        "spiral": {
            "classification": 0,
            "value": -0.35039861827594
        },
        "memory": {
            "score": 6,
            "total_trials": 8,
            "accuracy": 75.0,
            "incorrect": [
                6,
                7
            ]
        },
        "trail": {
            "completion_time": 4.44,
            "path_efficiency": 85.72,
            "path_smoothness": 67.03,
            "total_distance": 2718.73,
            "optimal_distance": 2330.44,
            "pause_count": 0,
            "total_pause_time": 0,
            "average_speed": 228.23,
            "speed_variability": 581.07,
            "errors": 0,
            "test_type": "A",
            "difficulty": "medium"
        }
    }
}