{
    "consult_id": "lutvo186g7f9wsb",
    "user_id": "bb6e3964-d8bd-4535-b5b2-dcd2db03f9d3",
    "consult_time": "2026-02-24",
    "consult_data": {
        "shape": {
            "scores": [
                5,
                0,
                0
            ],
            "question_counts": [
                5,
                0,
                0
            ],
            "answer_times": [
                1.986730634000196,
                1.4769086639998932,
                1.0257620150005096,
                1.2416311889992357,
                1.5217911629997616
            ]
        },
        "spiral": {
            "classification": 0,
            "value": -2.926738373892978
        },
        "memory": {
            "score": 8,
            "total_trials": 8,
            "accuracy": 100.0,
            "incorrect": []
        },
        "trail": {
            "completion_time": 4.7,
            "path_efficiency": 89.6,
            "path_smoothness": 66.11,
            "total_distance": 3094.92,
            "optimal_distance": 2773.1,
            "pause_count": 0,
            "total_pause_time": 0,
            "average_speed": 291.89,
            "speed_variability": 752.04,
            "errors": 0,
            "test_type": "A",
            "difficulty": "medium"
        }
    }
}