{
    "consult_id": "tdunx426m37iole",
    "user_id": "4c73ea50-7438-448f-8bf9-fb1325d48336",
    "consult_time": "2026-02-24",
    "consult_data": {
        "shape": {
            "scores": [
                4,
                0,
                0
            ],
            "question_counts": [
                5,
                0,
                0
            ],
            "answer_times": [
                1.6485660029998144,
                0.8170168799997555,
                0.8881183459998283,
                1.257219723000162,
                0.7635311060003005
            ]
        },
        "spiral": {
            "classification": 0,
            "value": -0.8680247068946763
        },
        "memory": {
            "score": 3,
            "total_trials": 8,
            "accuracy": 37.5,
            "incorrect": [
                1,
                3,
                4,
                5,
                6
            ]
        },
        "trail": {
            "completion_time": 4.57,
            "path_efficiency": 69.87,
            "path_smoothness": 57.46,
            "total_distance": 3555.55,
            "optimal_distance": 2484.14,
            "pause_count": 0,
            "total_pause_time": 0,
            "average_speed": 297.68,
            "speed_variability": 788.94,
            "errors": 0,
            "test_type": "A",
            "difficulty": "medium"
        }
    }
}