{
    "consult_id": "d2lif541wzhjeu8",
    "user_id": "4c73ea50-7438-448f-8bf9-fb1325d48336",
    "consult_time": "2026-02-24",
    "consult_data": {
        "shape": {
            "scores": [
                5,
                0,
                0
            ],
            "question_counts": [
                5,
                0,
                0
            ],
            "answer_times": [
                1.1577275219999592,
                1.120807185999979,
                1.3603911269999571,
                1.2008708749999641,
                1.0076589440000134
            ]
        },
        "spiral": {
            "classification": 0,
            "value": -0.7047525595715527
        },
        "memory": {
            "score": 2,
            "total_trials": 8,
            "accuracy": 25.0,
            "incorrect": [
                1,
                2,
                4,
                5,
                6,
                7
            ]
        },
        "trail": {
            "completion_time": 5.64,
            "path_efficiency": 97.82,
            "path_smoothness": 66.61,
            "total_distance": 2956.23,
            "optimal_distance": 2891.64,
            "pause_count": 0,
            "total_pause_time": 0,
            "average_speed": 209.56,
            "speed_variability": 559.78,
            "errors": 0,
            "test_type": "A",
            "difficulty": "medium"
        }
    }
}