{
    "consult_id": "a32knjiot4d6g9e",
    "user_id": "4c73ea50-7438-448f-8bf9-fb1325d48336",
    "consult_time": "2026-02-24",
    "consult_data": {
        "shape": {
            "scores": [
                4,
                0,
                0
            ],
            "question_counts": [
                5,
                0,
                0
            ],
            "answer_times": [
                1.8329149119999784,
                1.1208013689997642,
                0.37287461100004293,
                0.12887700800001767,
                0.09726220999982615
            ]
        },
        "spiral": {
            "classification": 0,
            "value": -4.5707323328132
        },
        "memory": {
            "score": 2,
            "total_trials": 8,
            "accuracy": 25.0,
            "incorrect": [
                1,
                2,
                3,
                4,
                5,
                7
            ]
        },
        "trail": {
            "completion_time": 6.02,
            "path_efficiency": 72.2,
            "path_smoothness": 70.75,
            "total_distance": 3975.19,
            "optimal_distance": 2870.25,
            "pause_count": 0,
            "total_pause_time": 0,
            "average_speed": 230.6,
            "speed_variability": 633.18,
            "errors": 0,
            "test_type": "A",
            "difficulty": "medium"
        }
    }
}