{
    "consult_id": "jbimxh3v7owf158",
    "user_id": "4c73ea50-7438-448f-8bf9-fb1325d48336",
    "consult_time": "2026-02-24",
    "consult_data": {
        "shape": {
            "scores": [
                5,
                0,
                0
            ],
            "question_counts": [
                5,
                0,
                0
            ],
            "answer_times": [
                2.324540445999901,
                1.2425307940000039,
                1.4464090779999879,
                2.2316730249999637,
                1.4191272529999424
            ]
        },
        "spiral": {
            "classification": 1,
            "value": 1.3572503946973722
        },
        "memory": {
            "score": 3,
            "total_trials": 8,
            "accuracy": 37.5,
            "incorrect": [
                1,
                2,
                4,
                6,
                7
            ]
        },
        "trail": {
            "completion_time": 3.8,
            "path_efficiency": 95.47,
            "path_smoothness": 67.81,
            "total_distance": 2993.84,
            "optimal_distance": 2858.15,
            "pause_count": 0,
            "total_pause_time": 0,
            "average_speed": 266.04,
            "speed_variability": 638.96,
            "errors": 0,
            "test_type": "A",
            "difficulty": "medium"
        }
    }
}