{
    "consult_id": "s3a2tzjdu865lwy",
    "user_id": "4c73ea50-7438-448f-8bf9-fb1325d48336",
    "consult_time": "2026-02-24",
    "consult_data": {
        "shape": {
            "scores": [
                5,
                0,
                0
            ],
            "question_counts": [
                5,
                0,
                0
            ],
            "answer_times": [
                1.2947505480001382,
                1.0012024370003019,
                1.0656680239999332,
                1.1522296600001027,
                0.7930858039999293
            ]
        },
        "spiral": {
            "classification": 0,
            "value": -1.408470434161016
        },
        "memory": {
            "score": 3,
            "total_trials": 8,
            "accuracy": 37.5,
            "incorrect": [
                2,
                4,
                5,
                6,
                7
            ]
        },
        "trail": {
            "completion_time": 5.39,
            "path_efficiency": 83.99,
            "path_smoothness": 55.77,
            "total_distance": 3816.56,
            "optimal_distance": 3205.63,
            "pause_count": 0,
            "total_pause_time": 0,
            "average_speed": 253.51,
            "speed_variability": 597.97,
            "errors": 0,
            "test_type": "A",
            "difficulty": "medium"
        }
    }
}