{
    "consult_id": "j5ce0q2lft1n6sk",
    "user_id": "36fe58bc-6f26-4f8f-a71a-978a027fadae",
    "consult_time": "2026-02-24",
    "consult_data": {
        "shape": {
            "scores": [
                4,
                0,
                0
            ],
            "question_counts": [
                5,
                0,
                0
            ],
            "answer_times": [
                2.818630156999916,
                1.3530818409999483,
                1.227764297000249,
                0.7174667250001221,
                0.831283104999784
            ]
        },
        "spiral": {
            "classification": 0,
            "value": -1.2168051665108681
        },
        "memory": {
            "score": 7,
            "total_trials": 8,
            "accuracy": 87.5,
            "incorrect": [
                7
            ]
        },
        "trail": {
            "completion_time": 6.51,
            "path_efficiency": 83.19,
            "path_smoothness": 79.07,
            "total_distance": 3778.4,
            "optimal_distance": 3143.18,
            "pause_count": 0,
            "total_pause_time": 0,
            "average_speed": 230.04,
            "speed_variability": 604.63,
            "errors": 0,
            "test_type": "A",
            "difficulty": "medium"
        }
    }
}