{
    "consult_id": "ql0txvge74d6ko5",
    "user_id": "36fe58bc-6f26-4f8f-a71a-978a027fadae",
    "consult_time": "2026-02-24",
    "consult_data": {
        "shape": {
            "scores": [
                4,
                0,
                0
            ],
            "question_counts": [
                5,
                0,
                0
            ],
            "answer_times": [
                2.4924961549995714,
                2.689563427000394,
                1.9277168369999345,
                2.8644217150003897,
                1.20074528799978
            ]
        },
        "spiral": {
            "classification": 1,
            "value": 1.5327991351552503
        },
        "memory": {
            "score": 8,
            "total_trials": 8,
            "accuracy": 100.0,
            "incorrect": []
        },
        "trail": {
            "completion_time": 5.75,
            "path_efficiency": 96.35,
            "path_smoothness": 54.16,
            "total_distance": 3348.13,
            "optimal_distance": 3225.99,
            "pause_count": 0,
            "total_pause_time": 0,
            "average_speed": 209.39,
            "speed_variability": 560.19,
            "errors": 0,
            "test_type": "A",
            "difficulty": "medium"
        }
    }
}