{
    "consult_id": "ibc91j6mf8nv0tp",
    "user_id": "36fe58bc-6f26-4f8f-a71a-978a027fadae",
    "consult_time": "2026-02-24",
    "consult_data": {
        "shape": {
            "scores": [
                5,
                0,
                0
            ],
            "question_counts": [
                5,
                0,
                0
            ],
            "answer_times": [
                2.066667272999439,
                1.6394693720003488,
                1.3839132000002792,
                2.240225620000274,
                1.1690003759995307
            ]
        },
        "spiral": {
            "classification": 1,
            "value": 1.406149570021216
        },
        "memory": {
            "score": 4,
            "total_trials": 8,
            "accuracy": 50.0,
            "incorrect": [
                0,
                1,
                3,
                6
            ]
        },
        "trail": {
            "completion_time": 5.12,
            "path_efficiency": 91.62,
            "path_smoothness": 74.23,
            "total_distance": 2874.94,
            "optimal_distance": 2634.14,
            "pause_count": 0,
            "total_pause_time": 0,
            "average_speed": 198.26,
            "speed_variability": 498.63,
            "errors": 0,
            "test_type": "A",
            "difficulty": "medium"
        }
    }
}